,One2one_av_Error,Min_One2one_av,One2one_max_Error,Min_One2one_max_Error
1,0.04659998416900635,0.04659998416900635,0.09869998693466187,0.09869998693466187
