,One2one_av_Error,Min_One2one_av,One2one_max_Error,Min_One2one_max_Error
1,0.3813999891281128,0.3813999891281128,0.6482000350952148,0.6482000350952148
