,One2one_av_Error,Min_One2one_av,One2one_max_Error,Min_One2one_max_Error
1,0.042900025844573975,0.042900025844573975,0.0666000247001648,0.0666000247001648
