,One2one_av_Error,Min_One2one_av,One2one_max_Error,Min_One2one_max_Error
1,0.051299989223480225,0.051299989223480225,0.10290002822875977,0.10290002822875977
