,One2one_av_Error,Min_One2one_av,One2one_max_Error,Min_One2one_max_Error
1,0.4775000214576721,0.4775000214576721,0.7031999826431274,0.7031999826431274
