,One2one_av_Error,Min_One2one_av,One2one_max_Error,Min_One2one_max_Error
1,0.3845999836921692,0.3845999836921692,0.640500009059906,0.640500009059906
