,One2one_av_Error,Min_One2one_av,One2one_max_Error,Min_One2one_max_Error
1,0.03700000047683716,0.03700000047683716,0.05629998445510864,0.05629998445510864
