,One2one_av_Error,Min_One2one_av,One2one_max_Error,Min_One2one_max_Error
1,0.4660000205039978,0.4660000205039978,0.7602999806404114,0.7602999806404114
