,One2one_av_Error,Min_One2one_av,One2one_max_Error,Min_One2one_max_Error
1,0.03549998998641968,0.03549998998641968,0.05570000410079956,0.05570000410079956
