,One2one_av_Error,Min_One2one_av,One2one_max_Error,Min_One2one_max_Error
1,0.39410001039505005,0.39410001039505005,0.6956000328063965,0.6956000328063965
