,One2one_av_Error,Min_One2one_av,One2one_max_Error,Min_One2one_max_Error
1,0.041499972343444824,0.041499972343444824,0.06449997425079346,0.06449997425079346
