,One2one_av_Error,Min_One2one_av,One2one_max_Error,Min_One2one_max_Error
1,0.0339999794960022,0.0339999794960022,0.06389999389648438,0.06389999389648438
