,One2one_av_Error,Min_One2one_av,One2one_max_Error,Min_One2one_max_Error
1,0.3668000102043152,0.3668000102043152,0.7228000164031982,0.7228000164031982
