,One2one_av_Error,Min_One2one_av,One2one_max_Error,Min_One2one_max_Error
1,0.3763999938964844,0.3763999938964844,0.6093000173568726,0.6093000173568726
