,One2one_av_Error,Min_One2one_av,One2one_max_Error,Min_One2one_max_Error
1,0.4235000014305115,0.4235000014305115,0.7276999950408936,0.7276999950408936
