,One2one_av_Error,Min_One2one_av,One2one_max_Error,Min_One2one_max_Error
1,0.4348999857902527,0.4348999857902527,0.641700029373169,0.641700029373169
