,One2one_av_Error,Min_One2one_av,One2one_max_Error,Min_One2one_max_Error
1,0.04769998788833618,0.04769998788833618,0.1119999885559082,0.1119999885559082
