,One2one_av_Error,Min_One2one_av,One2one_max_Error,Min_One2one_max_Error
1,0.034600019454956055,0.034600019454956055,0.056800007820129395,0.056800007820129395
