,One2one_av_Error,Min_One2one_av,One2one_max_Error,Min_One2one_max_Error
1,0.5128999948501587,0.5128999948501587,0.7597000002861023,0.7597000002861023
