,One2one_av_Error,Min_One2one_av,One2one_max_Error,Min_One2one_max_Error
1,0.04839998483657837,0.04839998483657837,0.10180002450942993,0.10180002450942993
