,One2one_av_Error,Min_One2one_av,One2one_max_Error,Min_One2one_max_Error
1,0.04070001840591431,0.04070001840591431,0.060800015926361084,0.060800015926361084
