,One2one_av_Error,Min_One2one_av,One2one_max_Error,Min_One2one_max_Error
1,0.034900009632110596,0.034900009632110596,0.056500017642974854,0.056500017642974854
