,One2one_av_Error,Min_One2one_av,One2one_max_Error,Min_One2one_max_Error
1,0.041700005531311035,0.041700005531311035,0.06029999256134033,0.06029999256134033
