,One2one_av_Error,Min_One2one_av,One2one_max_Error,Min_One2one_max_Error
1,0.3855999708175659,0.3855999708175659,0.6583999991416931,0.6583999991416931
