,One2one_av_Error,Min_One2one_av,One2one_max_Error,Min_One2one_max_Error
1,0.4491000175476074,0.4491000175476074,0.6614999771118164,0.6614999771118164
