,One2one_av_Error,Min_One2one_av,One2one_max_Error,Min_One2one_max_Error
1,0.5407999753952026,0.5407999753952026,0.6965999603271484,0.6965999603271484
