,One2one_av_Error,Min_One2one_av,One2one_max_Error,Min_One2one_max_Error
1,0.047500014305114746,0.047500014305114746,0.1086999773979187,0.1086999773979187
