,One2one_av_Error,Min_One2one_av,One2one_max_Error,Min_One2one_max_Error
1,0.04769998788833618,0.04769998788833618,0.09880000352859497,0.09880000352859497
