,One2one_av_Error,Min_One2one_av,One2one_max_Error,Min_One2one_max_Error
1,0.03560000658035278,0.03560000658035278,0.05330002307891846,0.05330002307891846
