,One2one_av_Error,Min_One2one_av,One2one_max_Error,Min_One2one_max_Error
1,0.05610001087188721,0.05610001087188721,0.10579997301101685,0.10579997301101685
