,One2one_av_Error,Min_One2one_av,One2one_max_Error,Min_One2one_max_Error
1,0.3711000084877014,0.3711000084877014,0.6398999691009521,0.6398999691009521
