,One2one_av_Error,Min_One2one_av,One2one_max_Error,Min_One2one_max_Error
1,0.04640001058578491,0.04640001058578491,0.11769998073577881,0.11769998073577881
