,One2one_av_Error,Min_One2one_av,One2one_max_Error,Min_One2one_max_Error
1,0.38349997997283936,0.38349997997283936,0.6723999977111816,0.6723999977111816
