,One2one_av_Error,Min_One2one_av,One2one_max_Error,Min_One2one_max_Error
1,0.04119998216629028,0.04119998216629028,0.06779998540878296,0.06779998540878296
