,One2one_av_Error,Min_One2one_av,One2one_max_Error,Min_One2one_max_Error
1,0.3525000214576721,0.3525000214576721,0.6759999990463257,0.6759999990463257
