,One2one_av_Error,Min_One2one_av,One2one_max_Error,Min_One2one_max_Error
1,0.527999997138977,0.527999997138977,0.7872999906539917,0.7872999906539917
