,One2one_av_Error,Min_One2one_av,One2one_max_Error,Min_One2one_max_Error
1,0.3614000082015991,0.3614000082015991,0.6104999780654907,0.6104999780654907
