,One2one_av_Error,Min_One2one_av,One2one_max_Error,Min_One2one_max_Error
1,0.49800002574920654,0.49800002574920654,0.7523000240325928,0.7523000240325928
