,One2one_av_Error,Min_One2one_av,One2one_max_Error,Min_One2one_max_Error
1,0.3580999970436096,0.3580999970436096,0.6686999797821045,0.6686999797821045
