,One2one_av_Error,Min_One2one_av,One2one_max_Error,Min_One2one_max_Error
1,0.454800009727478,0.454800009727478,0.7425999641418457,0.7425999641418457
