,One2one_av_Error,Min_One2one_av,One2one_max_Error,Min_One2one_max_Error
1,0.38749998807907104,0.38749998807907104,0.6650999784469604,0.6650999784469604
