,One2one_av_Error,Min_One2one_av,One2one_max_Error,Min_One2one_max_Error
1,0.04129999876022339,0.04129999876022339,0.07029998302459717,0.07029998302459717
