,One2one_av_Error,Min_One2one_av,One2one_max_Error,Min_One2one_max_Error
1,0.05510002374649048,0.05510002374649048,0.10399997234344482,0.10399997234344482
