,One2one_av_Error,Min_One2one_av,One2one_max_Error,Min_One2one_max_Error
1,0.042900025844573975,0.042900025844573975,0.06770002841949463,0.06770002841949463
