,One2one_av_Error,Min_One2one_av,One2one_max_Error,Min_One2one_max_Error
1,0.4545000195503235,0.4545000195503235,0.7168999910354614,0.7168999910354614
