,One2one_av_Error,Min_One2one_av,One2one_max_Error,Min_One2one_max_Error
1,0.4358999729156494,0.4358999729156494,0.682200014591217,0.682200014591217
