,One2one_av_Error,Min_One2one_av,One2one_max_Error,Min_One2one_max_Error
1,0.04210001230239868,0.04210001230239868,0.06199997663497925,0.06199997663497925
