,One2one_av_Error,Min_One2one_av,One2one_max_Error,Min_One2one_max_Error
1,0.04189997911453247,0.04189997911453247,0.06669998168945312,0.06669998168945312
