,One2one_av_Error,Min_One2one_av,One2one_max_Error,Min_One2one_max_Error
1,0.3492000102996826,0.3492000102996826,0.694100022315979,0.694100022315979
