,One2one_av_Error,Min_One2one_av,One2one_max_Error,Min_One2one_max_Error
1,0.05549997091293335,0.05549997091293335,0.107200026512146,0.107200026512146
