,One2one_av_Error,Min_One2one_av,One2one_max_Error,Min_One2one_max_Error
1,0.043299973011016846,0.043299973011016846,0.11269998550415039,0.11269998550415039
