,One2one_av_Error,Min_One2one_av,One2one_max_Error,Min_One2one_max_Error
1,0.044799983501434326,0.044799983501434326,0.06760001182556152,0.06760001182556152
