,One2one_av_Error,Min_One2one_av,One2one_max_Error,Min_One2one_max_Error
1,0.05010002851486206,0.05010002851486206,0.10479998588562012,0.10479998588562012
