,One2one_av_Error,Min_One2one_av,One2one_max_Error,Min_One2one_max_Error
1,0.34780001640319824,0.34780001640319824,0.6687999963760376,0.6687999963760376
