,One2one_av_Error,Min_One2one_av,One2one_max_Error,Min_One2one_max_Error
1,0.4284999966621399,0.4284999966621399,0.7569000124931335,0.7569000124931335
