,One2one_av_Error,Min_One2one_av,One2one_max_Error,Min_One2one_max_Error
1,0.045499980449676514,0.045499980449676514,0.10060000419616699,0.10060000419616699
