,One2one_av_Error,Min_One2one_av,One2one_max_Error,Min_One2one_max_Error
1,0.03240001201629639,0.03240001201629639,0.04629999399185181,0.04629999399185181
