,One2one_av_Error,Min_One2one_av,One2one_max_Error,Min_One2one_max_Error
1,0.3428000211715698,0.3428000211715698,0.6620000004768372,0.6620000004768372
