,One2one_av_Error,Min_One2one_av,One2one_max_Error,Min_One2one_max_Error
1,0.4617000222206116,0.4617000222206116,0.7296000123023987,0.7296000123023987
