,One2one_av_Error,Min_One2one_av,One2one_max_Error,Min_One2one_max_Error
1,0.043200016021728516,0.043200016021728516,0.06709998846054077,0.06709998846054077
