,One2one_av_Error,Min_One2one_av,One2one_max_Error,Min_One2one_max_Error
1,0.03299999237060547,0.03299999237060547,0.06639999151229858,0.06639999151229858
