,One2one_av_Error,Min_One2one_av,One2one_max_Error,Min_One2one_max_Error
1,0.041400015354156494,0.041400015354156494,0.06319999694824219,0.06319999694824219
