,One2one_av_Error,Min_One2one_av,One2one_max_Error,Min_One2one_max_Error
1,0.04409998655319214,0.04409998655319214,0.07010000944137573,0.07010000944137573
