,One2one_av_Error,Min_One2one_av,One2one_max_Error,Min_One2one_max_Error
1,0.4204999804496765,0.4204999804496765,0.7318999767303467,0.7318999767303467
