,One2one_av_Error,Min_One2one_av,One2one_max_Error,Min_One2one_max_Error
1,0.03359997272491455,0.03359997272491455,0.062300026416778564,0.062300026416778564
