,One2one_av_Error,Min_One2one_av,One2one_max_Error,Min_One2one_max_Error
1,0.3597000241279602,0.3597000241279602,0.6377999782562256,0.6377999782562256
