,One2one_av_Error,Min_One2one_av,One2one_max_Error,Min_One2one_max_Error
1,0.5424000024795532,0.5424000024795532,0.7039999961853027,0.7039999961853027
