,One2one_av_Error,Min_One2one_av,One2one_max_Error,Min_One2one_max_Error
1,0.4611999988555908,0.4611999988555908,0.7462999820709229,0.7462999820709229
