,One2one_av_Error,Min_One2one_av,One2one_max_Error,Min_One2one_max_Error
1,0.43720000982284546,0.43720000982284546,0.6920000314712524,0.6920000314712524
