,One2one_av_Error,Min_One2one_av,One2one_max_Error,Min_One2one_max_Error
1,0.047200024127960205,0.047200024127960205,0.11799997091293335,0.11799997091293335
