,One2one_av_Error,Min_One2one_av,One2one_max_Error,Min_One2one_max_Error
1,0.5376999974250793,0.5376999974250793,0.753600001335144,0.753600001335144
