,One2one_av_Error,Min_One2one_av,One2one_max_Error,Min_One2one_max_Error
1,0.37940001487731934,0.37940001487731934,0.6757999658584595,0.6757999658584595
