,One2one_av_Error,Min_One2one_av,One2one_max_Error,Min_One2one_max_Error
1,0.4668999910354614,0.4668999910354614,0.7235000133514404,0.7235000133514404
