,One2one_av_Error,Min_One2one_av,One2one_max_Error,Min_One2one_max_Error
1,0.38609999418258667,0.38609999418258667,0.7639999985694885,0.7639999985694885
