,One2one_av_Error,Min_One2one_av,One2one_max_Error,Min_One2one_max_Error
1,0.3815000057220459,0.3815000057220459,0.7129999995231628,0.7129999995231628
