,One2one_av_Error,Min_One2one_av,One2one_max_Error,Min_One2one_max_Error
1,0.4010000228881836,0.4010000228881836,0.6312999725341797,0.6312999725341797
