,One2one_av_Error,Min_One2one_av,One2one_max_Error,Min_One2one_max_Error
1,0.4925000071525574,0.4925000071525574,0.7466999888420105,0.7466999888420105
