,One2one_av_Error,Min_One2one_av,One2one_max_Error,Min_One2one_max_Error
1,0.036199986934661865,0.036199986934661865,0.06269997358322144,0.06269997358322144
