,One2one_av_Error,Min_One2one_av,One2one_max_Error,Min_One2one_max_Error
1,0.39420002698898315,0.39420002698898315,0.7488000392913818,0.7488000392913818
