,One2one_av_Error,Min_One2one_av,One2one_max_Error,Min_One2one_max_Error
1,0.33969998359680176,0.33969998359680176,0.7059000134468079,0.7059000134468079
