,One2one_av_Error,Min_One2one_av,One2one_max_Error,Min_One2one_max_Error
1,0.3604999780654907,0.3604999780654907,0.7346999645233154,0.7346999645233154
