,One2one_av_Error,Min_One2one_av,One2one_max_Error,Min_One2one_max_Error
1,0.04350000619888306,0.04350000619888306,0.10439997911453247,0.10439997911453247
