,One2one_av_Error,Min_One2one_av,One2one_max_Error,Min_One2one_max_Error
1,0.43779999017715454,0.43779999017715454,0.6726000308990479,0.6726000308990479
