,One2one_av_Error,Min_One2one_av,One2one_max_Error,Min_One2one_max_Error
1,0.03380000591278076,0.03380000591278076,0.06040000915527344,0.06040000915527344
