,One2one_av_Error,Min_One2one_av,One2one_max_Error,Min_One2one_max_Error
1,0.3999999761581421,0.3999999761581421,0.6486999988555908,0.6486999988555908
