,One2one_av_Error,Min_One2one_av,One2one_max_Error,Min_One2one_max_Error
1,0.37150001525878906,0.37150001525878906,0.5976999998092651,0.5976999998092651
