,One2one_av_Error,Min_One2one_av,One2one_max_Error,Min_One2one_max_Error
1,0.4447000026702881,0.4447000026702881,0.6191999912261963,0.6191999912261963
