,One2one_av_Error,Min_One2one_av,One2one_max_Error,Min_One2one_max_Error
1,0.03390002250671387,0.03390002250671387,0.06389999389648438,0.06389999389648438
