,One2one_av_Error,Min_One2one_av,One2one_max_Error,Min_One2one_max_Error
1,0.05080002546310425,0.05080002546310425,0.10369998216629028,0.10369998216629028
