,One2one_av_Error,Min_One2one_av,One2one_max_Error,Min_One2one_max_Error
1,0.4373999834060669,0.4373999834060669,0.7627000212669373,0.7627000212669373
