,One2one_av_Error,Min_One2one_av,One2one_max_Error,Min_One2one_max_Error
1,0.0494999885559082,0.0494999885559082,0.10979998111724854,0.10979998111724854
