,One2one_av_Error,Min_One2one_av,One2one_max_Error,Min_One2one_max_Error
1,0.3564000129699707,0.3564000129699707,0.6216999888420105,0.6216999888420105
