,One2one_av_Error,Min_One2one_av,One2one_max_Error,Min_One2one_max_Error
1,0.0350000262260437,0.0350000262260437,0.05239999294281006,0.05239999294281006
