,One2one_av_Error,Min_One2one_av,One2one_max_Error,Min_One2one_max_Error
1,0.04530000686645508,0.04530000686645508,0.10089999437332153,0.10089999437332153
