,One2one_av_Error,Min_One2one_av,One2one_max_Error,Min_One2one_max_Error
1,0.4156000018119812,0.4156000018119812,0.7432000041007996,0.7432000041007996
