,One2one_av_Error,Min_One2one_av,One2one_max_Error,Min_One2one_max_Error
1,0.03450000286102295,0.03450000286102295,0.058000028133392334,0.058000028133392334
