,One2one_av_Error,Min_One2one_av,One2one_max_Error,Min_One2one_max_Error
1,0.3880000114440918,0.3880000114440918,0.6378999948501587,0.6378999948501587
