,One2one_av_Error,Min_One2one_av,One2one_max_Error,Min_One2one_max_Error
1,0.430899977684021,0.430899977684021,0.6444000005722046,0.6444000005722046
