,One2one_av_Error,Min_One2one_av,One2one_max_Error,Min_One2one_max_Error
1,0.03519999980926514,0.03519999980926514,0.06330001354217529,0.06330001354217529
