,One2one_av_Error,Min_One2one_av,One2one_max_Error,Min_One2one_max_Error
1,0.3773999810218811,0.3773999810218811,0.6606999635696411,0.6606999635696411
