,One2one_av_Error,Min_One2one_av,One2one_max_Error,Min_One2one_max_Error
1,0.04100000858306885,0.04100000858306885,0.062099993228912354,0.062099993228912354
