,One2one_av_Error,Min_One2one_av,One2one_max_Error,Min_One2one_max_Error
1,0.0504000186920166,0.0504000186920166,0.10049998760223389,0.10049998760223389
