,One2one_av_Error,Min_One2one_av,One2one_max_Error,Min_One2one_max_Error
1,0.4843999743461609,0.4843999743461609,0.7078999876976013,0.7078999876976013
