,One2one_av_Error,Min_One2one_av,One2one_max_Error,Min_One2one_max_Error
1,0.3690999746322632,0.3690999746322632,0.6611000299453735,0.6611000299453735
