,One2one_av_Error,Min_One2one_av,One2one_max_Error,Min_One2one_max_Error
1,0.40240001678466797,0.40240001678466797,0.6687999963760376,0.6687999963760376
