,One2one_av_Error,Min_One2one_av,One2one_max_Error,Min_One2one_max_Error
1,0.041700005531311035,0.041700005531311035,0.08829998970031738,0.08829998970031738
