,One2one_av_Error,Min_One2one_av,One2one_max_Error,Min_One2one_max_Error
1,0.03659999370574951,0.03659999370574951,0.05519998073577881,0.05519998073577881
