,One2one_av_Error,Min_One2one_av,One2one_max_Error,Min_One2one_max_Error
1,0.4246000051498413,0.4246000051498413,0.7177000045776367,0.7177000045776367
