,One2one_av_Error,Min_One2one_av,One2one_max_Error,Min_One2one_max_Error
1,0.033399999141693115,0.033399999141693115,0.051500022411346436,0.051500022411346436
