,One2one_av_Error,Min_One2one_av,One2one_max_Error,Min_One2one_max_Error
1,0.03509998321533203,0.03509998321533203,0.06160002946853638,0.06160002946853638
