,One2one_av_Error,Min_One2one_av,One2one_max_Error,Min_One2one_max_Error
1,0.034300029277801514,0.034300029277801514,0.058099985122680664,0.058099985122680664
