,One2one_av_Error,Min_One2one_av,One2one_max_Error,Min_One2one_max_Error
1,0.4085000157356262,0.4085000157356262,0.7098000049591064,0.7098000049591064
