,One2one_av_Error,Min_One2one_av,One2one_max_Error,Min_One2one_max_Error
1,0.04229998588562012,0.04229998588562012,0.06690001487731934,0.06690001487731934
