,One2one_av_Error,Min_One2one_av,One2one_max_Error,Min_One2one_max_Error
1,0.3734999895095825,0.3734999895095825,0.6496000289916992,0.6496000289916992
