,One2one_av_Error,Min_One2one_av,One2one_max_Error,Min_One2one_max_Error
1,0.40119999647140503,0.40119999647140503,0.5909000039100647,0.5909000039100647
