,One2one_av_Error,Min_One2one_av,One2one_max_Error,Min_One2one_max_Error
1,0.042999982833862305,0.042999982833862305,0.06599998474121094,0.06599998474121094
