,One2one_av_Error,Min_One2one_av,One2one_max_Error,Min_One2one_max_Error
1,0.5223000049591064,0.5223000049591064,0.7648999691009521,0.7648999691009521
