,One2one_av_Error,Min_One2one_av,One2one_max_Error,Min_One2one_max_Error
1,0.03270000219345093,0.03270000219345093,0.048799991607666016,0.048799991607666016
