,One2one_av_Error,Min_One2one_av,One2one_max_Error,Min_One2one_max_Error
1,0.04519999027252197,0.04519999027252197,0.06480002403259277,0.06480002403259277
