,One2one_av_Error,Min_One2one_av,One2one_max_Error,Min_One2one_max_Error
1,0.36650002002716064,0.36650002002716064,0.6434999704360962,0.6434999704360962
