,One2one_av_Error,Min_One2one_av,One2one_max_Error,Min_One2one_max_Error
1,0.35329997539520264,0.35329997539520264,0.6347000002861023,0.6347000002861023
