,One2one_av_Error,Min_One2one_av,One2one_max_Error,Min_One2one_max_Error
1,0.0437999963760376,0.0437999963760376,0.06349998712539673,0.06349998712539673
