,One2one_av_Error,Min_One2one_av,One2one_max_Error,Min_One2one_max_Error
1,0.03280001878738403,0.03280001878738403,0.05220001935958862,0.05220001935958862
