,One2one_av_Error,Min_One2one_av,One2one_max_Error,Min_One2one_max_Error
1,0.0340999960899353,0.0340999960899353,0.05470001697540283,0.05470001697540283
