,One2one_av_Error,Min_One2one_av,One2one_max_Error,Min_One2one_max_Error
1,0.39490002393722534,0.39490002393722534,0.6291999816894531,0.6291999816894531
