,One2one_av_Error,Min_One2one_av,One2one_max_Error,Min_One2one_max_Error
1,0.3798999786376953,0.3798999786376953,0.5945000052452087,0.5945000052452087
