,One2one_av_Error,Min_One2one_av,One2one_max_Error,Min_One2one_max_Error
1,0.032199978828430176,0.032199978828430176,0.048500001430511475,0.048500001430511475
