,One2one_av_Error,Min_One2one_av,One2one_max_Error,Min_One2one_max_Error
1,0.4228000044822693,0.4228000044822693,0.6345000267028809,0.6345000267028809
