,One2one_av_Error,Min_One2one_av,One2one_max_Error,Min_One2one_max_Error
1,0.35409998893737793,0.35409998893737793,0.6820999979972839,0.6820999979972839
