,One2one_av_Error,Min_One2one_av,One2one_max_Error,Min_One2one_max_Error
1,0.03579998016357422,0.03579998016357422,0.0656999945640564,0.0656999945640564
