,One2one_av_Error,Min_One2one_av,One2one_max_Error,Min_One2one_max_Error
1,0.4714999794960022,0.4714999794960022,0.7249000072479248,0.7249000072479248
