,One2one_av_Error,Min_One2one_av,One2one_max_Error,Min_One2one_max_Error
1,0.34549999237060547,0.34549999237060547,0.6295999884605408,0.6295999884605408
