,One2one_av_Error,Min_One2one_av,One2one_max_Error,Min_One2one_max_Error
1,0.03229999542236328,0.03229999542236328,0.04919999837875366,0.04919999837875366
