,One2one_av_Error,Min_One2one_av,One2one_max_Error,Min_One2one_max_Error
1,0.45590001344680786,0.45590001344680786,0.6962000131607056,0.6962000131607056
