,One2one_av_Error,Min_One2one_av,One2one_max_Error,Min_One2one_max_Error
1,0.40859997272491455,0.40859997272491455,0.7301999926567078,0.7301999926567078
