,One2one_av_Error,Min_One2one_av,One2one_max_Error,Min_One2one_max_Error
1,0.04869997501373291,0.04869997501373291,0.10420000553131104,0.10420000553131104
