,One2one_av_Error,Min_One2one_av,One2one_max_Error,Min_One2one_max_Error
1,0.03479999303817749,0.03479999303817749,0.06019997596740723,0.06019997596740723
