,One2one_av_Error,Min_One2one_av,One2one_max_Error,Min_One2one_max_Error
1,0.04659998416900635,0.04659998416900635,0.10229998826980591,0.10229998826980591
