,One2one_av_Error,Min_One2one_av,One2one_max_Error,Min_One2one_max_Error
1,0.034600019454956055,0.034600019454956055,0.0648999810218811,0.0648999810218811
