,One2one_av_Error,Min_One2one_av,One2one_max_Error,Min_One2one_max_Error
1,0.041999995708465576,0.041999995708465576,0.06290000677108765,0.06290000677108765
