,One2one_av_Error,Min_One2one_av,One2one_max_Error,Min_One2one_max_Error
1,0.054000020027160645,0.054000020027160645,0.10930001735687256,0.10930001735687256
