,One2one_av_Error,Min_One2one_av,One2one_max_Error,Min_One2one_max_Error
1,0.04220002889633179,0.04220002889633179,0.06300002336502075,0.06300002336502075
