,One2one_av_Error,Min_One2one_av,One2one_max_Error,Min_One2one_max_Error
1,0.5629000067710876,0.5629000067710876,0.7710000276565552,0.7710000276565552
