,One2one_av_Error,Min_One2one_av,One2one_max_Error,Min_One2one_max_Error
1,0.03329998254776001,0.03329998254776001,0.06889998912811279,0.06889998912811279
