,One2one_av_Error,Min_One2one_av,One2one_max_Error,Min_One2one_max_Error
1,0.04350000619888306,0.04350000619888306,0.0723000168800354,0.0723000168800354
