,One2one_av_Error,Min_One2one_av,One2one_max_Error,Min_One2one_max_Error
1,0.453000009059906,0.453000009059906,0.7709000110626221,0.7709000110626221
