,One2one_av_Error,Min_One2one_av,One2one_max_Error,Min_One2one_max_Error
1,0.044499993324279785,0.044499993324279785,0.09320002794265747,0.09320002794265747
