,One2one_av_Error,Min_One2one_av,One2one_max_Error,Min_One2one_max_Error
1,0.04430001974105835,0.04430001974105835,0.06410002708435059,0.06410002708435059
