,One2one_av_Error,Min_One2one_av,One2one_max_Error,Min_One2one_max_Error
1,0.04089999198913574,0.04089999198913574,0.062399983406066895,0.062399983406066895
