,One2one_av_Error,Min_One2one_av,One2one_max_Error,Min_One2one_max_Error
1,0.04250001907348633,0.04250001907348633,0.06749999523162842,0.06749999523162842
