,One2one_av_Error,Min_One2one_av,One2one_max_Error,Min_One2one_max_Error
1,0.04680001735687256,0.04680001735687256,0.09939998388290405,0.09939998388290405
