,One2one_av_Error,Min_One2one_av,One2one_max_Error,Min_One2one_max_Error
1,0.03539997339248657,0.03539997339248657,0.06059998273849487,0.06059998273849487
