,One2one_av_Error,Min_One2one_av,One2one_max_Error,Min_One2one_max_Error
1,0.040499985218048096,0.040499985218048096,0.05879998207092285,0.05879998207092285
