,One2one_av_Error,Min_One2one_av,One2one_max_Error,Min_One2one_max_Error
1,0.38260000944137573,0.38260000944137573,0.7265000343322754,0.7265000343322754
