,One2one_av_Error,Min_One2one_av,One2one_max_Error,Min_One2one_max_Error
1,0.47509998083114624,0.47509998083114624,0.7476999759674072,0.7476999759674072
