,One2one_av_Error,Min_One2one_av,One2one_max_Error,Min_One2one_max_Error
1,0.04400002956390381,0.04400002956390381,0.10460001230239868,0.10460001230239868
