,One2one_av_Error,Min_One2one_av,One2one_max_Error,Min_One2one_max_Error
1,0.03530001640319824,0.03530001640319824,0.06440001726150513,0.06440001726150513
