,One2one_av_Error,Min_One2one_av,One2one_max_Error,Min_One2one_max_Error
1,0.04369997978210449,0.04369997978210449,0.11619997024536133,0.11619997024536133
