,One2one_av_Error,Min_One2one_av,One2one_max_Error,Min_One2one_max_Error
1,0.043299973011016846,0.043299973011016846,0.06180000305175781,0.06180000305175781
