,One2one_av_Error,Min_One2one_av,One2one_max_Error,Min_One2one_max_Error
1,0.033100008964538574,0.033100008964538574,0.061100006103515625,0.061100006103515625
