,One2one_av_Error,Min_One2one_av,One2one_max_Error,Min_One2one_max_Error
1,0.0439000129699707,0.0439000129699707,0.06300002336502075,0.06300002336502075
