,One2one_av_Error,Min_One2one_av,One2one_max_Error,Min_One2one_max_Error
1,0.04650002717971802,0.04650002717971802,0.09719997644424438,0.09719997644424438
