,One2one_av_Error,Min_One2one_av,One2one_max_Error,Min_One2one_max_Error
1,0.43540000915527344,0.43540000915527344,0.638700008392334,0.638700008392334
