,One2one_av_Error,Min_One2one_av,One2one_max_Error,Min_One2one_max_Error
1,0.045400023460388184,0.045400023460388184,0.09960001707077026,0.09960001707077026
